n_tasks,n_arrivals,b_mb_median,b_mb_p90,rho_median,c_cycles_median,deadline_share,non_atomic_share
30636,30636,4.999999937267416,5.0000063699619535,1499999999.9372828,7499999848.734886,0.34838098968533754,0.4493406449928189
