cluster_id,private_cpu_slot,public_cpu_slot,lambda_mean,lambda_var,P_deadline_hard,P_latency_sensitive,P_compute_intensive,P_data_intensive,P_general,b_mb_med,rho_med,mem_med,non_atomic_share,hard_share
0,0.0,0.0,0.4891175209123205,0.3363696099221902,0.34220566843066175,0.0,0.38024947109669077,0.062315242790814136,0.2152296176818333,-0.8164965809277257,1.5023688625809672,-0.4186903799384437,0.4597281706384129,0.34220566843066175
1,0.0,0.0,-0.9908623819370223,-1.0211825061815787,0.3539095104793914,0.0,0.3652256073293589,0.06555826306387379,0.21530661912737592,0.5443310539518174,0.25220515563671864,0.9680944665418018,0.47090511520088835,0.3539095104793914
2,0.0,0.0,0.519082451849931,0.38939296807257434,0.3447905992362244,0.0,0.3644612602261766,0.07478018705440943,0.21596795348318956,1.2247448713915892,-0.43072014842190565,-0.056912366059022314,0.43336516604243247,0.3447905992362244
3,0.0,0.0,2.0193455741565476,1.7869951028355973,0.3359839463218858,0.0,0.37617484899371834,0.06573117772094844,0.2221100269634475,-0.8164965809277258,-0.3266942829675458,0.3894883267840896,0.43801882685222787,0.3359839463218858
4,0.0,0.0,-0.327439845365528,-0.002715174127713366,0.357429556937161,0.0,0.34818866077979543,0.0646370632999756,0.22974471898306797,-0.8164965809277259,-0.7288136723880999,-1.0207645697534864,0.4786478979674921,0.357429556937161
