cluster_id,f_local_slot,m_local,lambda_mean,lambda_var,P_deadline_hard,P_latency_sensitive,P_compute_intensive,P_data_intensive,P_general,b_mb_med,rho_med,mem_med,non_atomic_share,hard_share
0,-0.2707981015396108,-0.014337959552202635,-0.11603783145625299,-0.2099688175475372,0.7113165920689835,0.0,0.43685304592188595,-0.7504956307956664,-0.7945242231288361,-0.37485665383736466,0.22864981884686414,0.7687518651583942,0.24374882663992725,0.7113165920689835
1,0.21663848123168913,0.01147036764176264,0.09283026516500123,0.1679750540380298,-0.5690532736551865,0.0,-0.3494824367375084,0.6003965046365334,0.6356193785030685,0.29988532306989196,-0.18291985507749076,-0.6150014921267174,-0.1949990613119418,-0.5690532736551865
