cluster_id,f_local_slot,m_local,lambda_mean,lambda_var,P_deadline_hard,P_latency_sensitive,P_compute_intensive,P_data_intensive,P_general,b_mb_med,rho_med,mem_med,non_atomic_share,hard_share
0,1546697737.5448103,4435.854979852661,1.084331261153513,0.08968255490935967,0.2531949364610847,0.0,0.39975576600939494,0.11450629171775882,0.23254300581176157,2.99247959,1198796145.0,63.88034415,0.3416229080958972,0.2531949364610847
1,1360745296.6872175,4921.886700954104,1.0423467281761316,0.04508429363987113,0.2639717857962147,0.0,0.44667147265682494,0.08942897169688191,0.1999277698500784,2.9619072,1245569412.5,66.167322,0.34909597588274505,0.2639717857962147
2,1817625401.8339276,4978.9756767184235,1.0436853519618383,0.04184528808001746,0.2671496817976053,0.0,0.4051115243853461,0.12113068869795053,0.20660810511909805,3.1004667833333333,1196436683.3333333,64.80244733333333,0.370469225190508,0.2671496817976053
3,1937472601.2864904,5303.971139728006,1.018181818181818,0.017960088691795995,0.19047619047619047,0.0,0.47023809523809523,0.10119047619047619,0.23809523809523808,3.0061749,1243016000.0,62.257278,0.3630952380952381,0.19047619047619047
