cluster_id,agent_id,f_local,f_local_slot,m_local,lambda_mean,lambda_var,slots_observed,n_tasks_agent,TaskDist_sum,b_mb_med,rho_med,mem_med,hard_share,P_general,P_latency_sensitive,P_deadline_hard,P_data_intensive,P_compute_intensive,non_atomic_share,mec_id,n_agents_cluster
0,10.333333333333334,1158169359.6579728,1158169359.6579728,6727.567645711367,1.5298701298701298,0.6386363636363637,53.0,81.0,1.0,4.9541487,1517754116.6666667,66.7334185,0.376328447381079,0.15557074504442925,0.0,0.376328447381079,0.10049492417913469,0.36760588339535705,0.473623452570821,10.333333333333334,3
1,8.133333333333333,1499514889.4276474,1499514889.4276474,5017.552015993459,1.2290025196742078,0.2972754819121338,31.866666666666667,39.86666666666667,1.0,5.14825505,1416894386.6666667,62.743961066666664,0.32250777588091495,0.18993486206031973,0.0,0.32250777588091495,0.11437312770060652,0.3731842343581588,0.43980170302308214,8.133333333333333,15
