n_tasks,n_arrivals,b_mb_median,b_mb_p90,rho_median,c_cycles_median,deadline_share,non_atomic_share
8262,8262,2.9999999776713393,3.0000038423872266,1200000026.1435413,3600000016.83723,0.2562333575405471,0.3497942386831276
