cluster_id,f_local_slot,m_local,lambda_mean,lambda_var,P_deadline_hard,P_latency_sensitive,P_compute_intensive,P_data_intensive,P_general,b_mb_med,rho_med,mem_med,non_atomic_share,hard_share
0,-0.05413772810349096,-0.2449538440876058,0.7043032638187247,0.728756729049458,-0.05253943084939338,0.0,-0.5537505467040349,0.3660019184713416,0.46938450834890133,-0.1565605615854316,-0.3867747485547407,-0.3805561892047801,-0.30698891802772643,-0.05253943084939338
1,-0.44828132758439576,0.2375285078336469,-0.790694932190551,-0.7574793032574775,0.40545828334642375,0.0,1.1516162234187703,-1.396204949334094,-0.8899905423111673,-0.5566015049047296,1.0654231955047737,1.1417048846497704,-0.007542811177265413,0.40545828334642375
2,0.5201188092637447,0.29420057695934804,-0.7430288036702017,-0.8654190891340725,0.5405134427281549,0.0,-0.35907091773047695,0.8315045257613216,-0.6115599000978644,1.256456173039181,-0.4600303829065756,0.23321529182014594,0.8488840912011374,0.5405134427281549
3,0.774146163581263,0.6168226786634311,-1.6511664984144212,-1.6613928100624404,-2.7179791530762407,0.0,2.008253326556715,-0.5697129646610211,0.7007967860492478,0.02264311635568543,0.9861458522480541,-1.4609035220116855,0.5534081513829199,-2.7179791530762407
