cluster_id,agent_id,f_local,f_local_slot,m_local,lambda_mean,lambda_var,slots_observed,n_tasks_agent,TaskDist_sum,b_mb_med,rho_med,mem_med,hard_share,P_general,P_latency_sensitive,P_deadline_hard,P_data_intensive,P_compute_intensive,non_atomic_share,mec_id,n_agents_cluster
0,8.875,1444479852.1583042,1444479852.1583042,4668.167384291378,1.072923116615067,0.06550137598899208,13.0,14.125,1.0,2.79693174375,1306537037.5,69.219230875,0.32091901154401153,0.1634018759018759,0.0,0.32091901154401153,0.04955808080808081,0.46612103174603176,0.3519300144300144,8.875,8
1,8.2,1674446855.1718812,1674446855.1718812,4694.165569789528,1.0918212197159565,0.12244778613199667,13.7,14.8,1.0,3.06004934,1244565290.0,57.596646299999996,0.13572429161825444,0.3238781840794225,0.0,0.13572429161825444,0.15970790002910745,0.3806896242732156,0.28785453667419614,8.2,10
