n_tasks,n_arrivals,tasks_per_hour,b_mb_median,b_mb_p90,b_mb_p99,rho_median,rho_p90,c_cycles_median,c_cycles_p90,c_cycles_p99,deadline_share,non_atomic_share,modality_counts_json
841,841,27523.636326351443,5.031834125518799,10.594185829162598,16.45529365539551,1442199424.0,2567697408.0,7563252736.0,17829525504.0,34132395212.800003,0.3448275862068966,0.44589774078478,"{""text"": 259, ""image"": 244, ""video"": 186, ""sensor"": 152}"
