n_tasks,n_arrivals,b_mb_median,b_mb_p90,rho_median,c_cycles_median,deadline_share,non_atomic_share
30436,30436,4.999999971792279,5.000006429412956,1499999997.3335788,7499999934.245493,0.3519844920488895,0.4511105270074911
