n_tasks,n_arrivals,tasks_per_hour,b_mb_median,b_mb_p90,b_mb_p99,rho_median,rho_p90,c_cycles_median,c_cycles_p90,c_cycles_p99,deadline_share,non_atomic_share,modality_counts_json
70,70,2290.9090878057086,2.2032967805862427,4.13356614112854,5.543802261352539,895271328.0,1438435840.0,1887794560.0,4813715404.8,7067920522.240004,0.2,0.32857142857142857,"{""text"": 23, ""image"": 22, ""video"": 14, ""sensor"": 11}"
