cluster_id,f_local_slot,m_local,lambda_mean,lambda_var,P_deadline_hard,P_latency_sensitive,P_compute_intensive,P_data_intensive,P_general,b_mb_med,rho_med,mem_med,non_atomic_share,hard_share
0,0.06560650271154755,-0.5335480781144608,0.9268787996191841,0.9297636332488515,0.07164784363570899,0.0,0.3197690687050831,0.36273453733744176,-0.7974840324794435,0.5928857057175067,0.4232683135461874,-0.34680408845432437,-0.09767881922454572,0.07164784363570899
1,-0.7084879850969297,0.11336227731874253,-0.44610969065799594,-0.4445602423600534,-0.9491810875438836,0.0,-0.062342536855104935,0.08359863981685425,0.8350865300042983,-0.851423621327011,-0.18669963946968643,0.23631959300522737,-0.47702993269752253,-0.9491810875438836
2,0.7583364783201493,0.6109325765777552,-0.7622986906772459,-0.7681967957163279,1.038710323962666,0.0,-0.3728656519609924,-0.6081467200526444,0.11437380946606622,0.1916683575879072,-0.3685360716010416,0.20194221222977263,0.7091862661513886,1.038710323962666
