cluster_id,f_local_slot,m_local,lambda_mean,lambda_var,P_deadline_hard,P_latency_sensitive,P_compute_intensive,P_data_intensive,P_general,b_mb_med,rho_med,mem_med,non_atomic_share,hard_share
0,1730600233.2423122,5252.388409599606,1.0,0.0,0.48333333333333334,0.0,0.16666666666666663,1.3877787807814457e-17,0.35000000000000003,2.4222171875,836194335.0,72.37178125,0.25833333333333336,0.48333333333333334
1,1587414563.8865225,5846.113810719445,1.0,0.0,0.07368742368742369,0.0,0.6161782661782662,0.1592796092796093,0.15085470085470085,2.1411314346153847,940076272.6923077,69.95503642307692,0.3018925518925519,0.07368742368742369
2,921468340.6852636,5152.146293965804,0.0,0.0,0.0,0.0,0.0,1.3877787807814457e-17,0.0,0.0,0.0,0.0,0.0,0.0
