cluster_id,f_local_slot,m_local,lambda_mean,lambda_var,P_deadline_hard,P_latency_sensitive,P_compute_intensive,P_data_intensive,P_general,b_mb_med,rho_med,mem_med,non_atomic_share,hard_share
0,1614409748.9058304,5066.534879177423,1.0277211696328052,0.027049949580346663,0.15820851334131578,0.0,0.49468730986159093,0.14159363225567648,0.20551054454141682,2.0895421785714285,1025282349.2857143,63.82389107142857,0.245530901988727,0.15820851334131578
1,1234796987.7400246,5805.032847712801,1.0094307139990186,0.00936231332220984,0.12477039066526371,0.0,0.47656990448507286,0.1321292960746363,0.26653040877502715,1.9519977916666666,986042966.6666666,64.8728575,0.22933806083058067,0.12477039066526371
2,1954121687.0796692,6373.047646239648,1.0052185586039097,0.0051970901625185695,0.189885470042782,0.0,0.46184678937082546,0.10867509080891372,0.23959264977747888,2.05133347,974345386.0,64.8110169,0.27997244624552914,0.189885470042782
