cluster_id,agent_id,f_local,f_local_slot,m_local,lambda_mean,lambda_var,slots_observed,n_tasks_agent,TaskDist_sum,b_mb_med,rho_med,mem_med,hard_share,P_general,P_latency_sensitive,P_deadline_hard,P_data_intensive,P_compute_intensive,non_atomic_share,mec_id,n_agents_cluster
0,8.714285714285714,1614409748.9058304,1614409748.9058304,5066.534879177423,1.0277211696328052,0.02704994958034666,123.57142857142857,127.28571428571429,1.0,2.0895421785714285,1025282349.2857143,63.82389107142857,0.15820851334131578,0.20551054454141685,0.0,0.15820851334131578,0.14159363225567648,0.49468730986159093,0.24553090198872704,8.714285714285714,7
1,9.833333333333334,1234796987.7400243,1234796987.7400243,5805.032847712802,1.0094307139990186,0.009362313322209838,114.5,115.66666666666667,1.0,1.9519977916666666,986042966.6666666,64.8728575,0.1247703906652637,0.26653040877502715,0.0,0.1247703906652637,0.13212929607463628,0.47656990448507286,0.2293380608305807,9.833333333333334,6
2,6.6,1954121687.0796692,1954121687.0796692,6373.047646239648,1.0052185586039097,0.00519709016251857,105.0,105.6,1.0,2.0513334700000003,974345386.0,64.8110169,0.18988547004278197,0.23959264977747888,0.0,0.18988547004278197,0.10867509080891372,0.46184678937082546,0.2799724462455292,6.6,5
