cluster_id,agent_id,f_local,f_local_slot,m_local,lambda_mean,lambda_var,slots_observed,n_tasks_agent,TaskDist_sum,b_mb_med,rho_med,mem_med,hard_share,P_general,P_latency_sensitive,P_deadline_hard,P_data_intensive,P_compute_intensive,non_atomic_share,mec_id,n_agents_cluster
0,5.25,1730600233.2423122,1730600233.2423122,5252.388409599606,1.0,0.0,4.25,4.25,1.0,2.4222171875000003,836194335.0,72.37178125,0.48333333333333334,0.35,0.0,0.48333333333333334,0.0,0.16666666666666666,0.2583333333333333,5.25,4
1,10.153846153846153,1587414563.8865225,1587414563.8865225,5846.113810719446,1.0,0.0,4.076923076923077,4.076923076923077,1.0,2.1411314346153847,940076272.6923077,69.95503642307692,0.07368742368742368,0.15085470085470085,0.0,0.07368742368742368,0.15927960927960927,0.6161782661782661,0.3018925518925519,10.153846153846153,13
2,0.0,921468340.6852636,921468340.6852636,5152.146293965804,0.0,0.0,0.0,0.0,0.0,0.0,0.0,0.0,0.0,0.0,0.0,0.0,0.0,0.0,0.0,0.0,1
