cluster_id,f_local_slot,m_local,lambda_mean,lambda_var,P_deadline_hard,P_latency_sensitive,P_compute_intensive,P_data_intensive,P_general,b_mb_med,rho_med,mem_med,non_atomic_share,hard_share
0,0.3025385099087003,-0.3707438747902771,0.24253562503633308,0.0,1.5913531694571383,0.0,-0.9153086715722732,-0.6977318450216059,0.865497079883993,0.5178512682525548,-0.10488688481543769,0.24892443619552318,-0.07546917393861535,1.5913531694571383
1,0.010558764440997116,0.14934842963392322,0.24253562503633316,0.0,-0.42871720382875794,0.0,0.38924906620487937,0.268358401931387,-0.19016520106219456,0.08665510321050235,0.276478983169587,0.14459242825235757,0.11668994598478605,-0.42871720382875794
2,-1.3474179773677633,-0.4585540860798872,-4.123105625617661,0.0,-0.7920890280547008,0.0,-1.3990031743743412,-0.6977318450216059,-0.9898407057274395,-3.197921414746747,-3.174679241942882,-2.8753993120627297,-1.215092602047758,-0.7920890280547008
