n_tasks,n_arrivals,b_mb_median,b_mb_p90,rho_median,c_cycles_median,deadline_share,non_atomic_share
8419,8419,2.9999999664386223,3.000003858846409,1200000022.5173945,3599999905.157271,0.24777289464306926,0.3522983727283525
