n_tasks,n_arrivals,tasks_per_hour,b_mb_median,b_mb_p90,b_mb_p99,rho_median,rho_p90,c_cycles_median,c_cycles_p90,c_cycles_p99,deadline_share,non_atomic_share,modality_counts_json
2113,2113,2113.0,2.0075747966766357,3.6351751327514648,5.543802261352539,998643584.0,1617621068.8,2015544448.0,4359452364.799999,7372932751.36002,0.15238996687174633,0.25508755324183624,"{""image"": 647, ""text"": 626, ""sensor"": 432, ""video"": 408}"
