n_tasks,n_arrivals,tasks_per_hour,b_mb_median,rho_median,c_cycles_p99,deadline_share,non_atomic_share
875,875,28636.363636363636,4.96136653845981,1190443054.2881258,21052099348.988823,0.24571428571428572,0.3474285714285714
