cluster_id,private_cpu_slot,public_cpu_slot,lambda_mean,lambda_var,P_deadline_hard,P_latency_sensitive,P_compute_intensive,P_data_intensive,P_general,b_mb_med,rho_med,mem_med,non_atomic_share,hard_share
0,0.0,0.0,-0.7997990695653739,-0.21663328390592987,0.2426029308729826,0.0,0.44962248686541345,0.0869433026828172,0.22083127957878676,0.5,0.09247168007703113,0.8425685910326507,0.3360167524994429,0.2426029308729826
1,0.0,0.0,0.3753335939241671,-0.33916655638759724,0.24178575263858168,0.0,0.42763212555170194,0.07759490376887013,0.25298721804084623,-0.5,1.2216365688873623,-0.539659603676173,0.3639979867153621,0.24178575263858168
2,0.0,0.0,0.8726060211453717,0.4250825775951368,0.2596075542940322,0.0,0.40775934119741114,0.07209667524288195,0.2605364292656747,1.0,-0.5495105987557539,0.5035615017938239,0.371960241769483,0.2596075542940322
3,0.0,0.0,1.5078269602791314,1.8725277424862141,0.24263577232176525,0.0,0.43821471240826076,0.07149236288664003,0.2476571523833339,-1.0,-0.32087245802799297,0.6896077518152428,0.34428391678418474,0.24263577232176525
4,0.0,0.0,-0.9072395069514456,-0.7782719331783259,0.25160301471914187,0.0,0.3912151898004884,0.09759302707452171,0.259588768405848,0.0,-0.4408806375843888,-0.7985239517088573,0.3453185608856526,0.25160301471914187
