cluster_id,private_cpu_slot,public_cpu_slot,lambda_mean,lambda_var,P_deadline_hard,P_latency_sensitive,P_compute_intensive,P_data_intensive,P_general,b_mb_med,rho_med,mem_med,non_atomic_share,hard_share
0,0.0,0.0,0.019357271866409335,-0.056369780738878765,0.14086746572620995,0.0,0.4977069284574851,0.08232670309403217,0.2790989027222728,-0.75,-0.33387891449089363,0.6125335016246148,0.28085324567846326,0.14086746572620995
1,0.0,0.0,0.2720549786061549,0.3405247015922938,0.15731215429953804,0.0,0.4657975685799346,0.07922652769185141,0.29766374942867596,0.6666666666666666,1.1766889426043328,-0.05585773605177983,0.2312847318754665,0.15731215429953804
2,0.0,0.0,-0.9015330080542802,-0.9876984557865226,0.153095818880235,0.0,0.45910151887700323,0.13802902491857788,0.2497736373241839,1.0,-0.9399794628180291,-0.07375854137098134,0.26918289722680055,0.153095818880235
3,0.0,0.0,0.9094719928244361,1.1793019297516898,0.15106434446057088,0.0,0.38659087243992907,0.10095145944202549,0.3613933236574746,-1.0,-0.3145922442133654,-2.1350437156011273,0.26838413159167873,0.15106434446057088
