cluster_id,f_local_slot,m_local,lambda_mean,lambda_var,P_deadline_hard,P_latency_sensitive,P_compute_intensive,P_data_intensive,P_general,b_mb_med,rho_med,mem_med,non_atomic_share,hard_share
0,-0.1967208840361236,0.1447294988597547,0.10833688924469559,0.10741550205135178,0.10021798208500311,0.0,0.15427303933994774,-0.11394474604643076,-0.22957587342717603,-0.029964075014711627,0.19487160535693387,0.18458722247971587,-0.05485183084574832,0.10021798208500311
1,1.573767072288984,-1.157835990878031,-0.8666951139575533,-0.859324016410811,-0.8017438566800078,0.0,-1.2341843147196054,0.9115579683714656,1.8366069874174311,0.23971260011759804,-1.558972842855481,-1.476697779837772,0.43881464676593945,-0.8017438566800078
