cluster_id,f_local_slot,m_local,lambda_mean,lambda_var,P_deadline_hard,P_latency_sensitive,P_compute_intensive,P_data_intensive,P_general,b_mb_med,rho_med,mem_med,non_atomic_share,hard_share
0,-0.9154953424628579,1.1375675322769538,1.6272406080789341,1.442195351969125,0.37632844738107896,0.0,0.3676058833953571,0.10049492417913469,0.15557074504442925,-0.3359581968782569,0.8425534774903435,0.5465484376069505,0.473623452570821,0.37632844738107896
1,0.183099068492571,-0.2275135064553899,-0.3254481216157865,-0.2884390703938251,0.32250777588091495,0.0,0.3731842343581588,0.11437312770060651,0.18993486206031973,0.0671916393756521,-0.16851069549806963,-0.10930968752139077,0.43980170302308214,0.32250777588091495
