cluster_id,f_local_slot,m_local,lambda_mean,lambda_var,P_deadline_hard,P_latency_sensitive,P_compute_intensive,P_data_intensive,P_general,b_mb_med,rho_med,mem_med,non_atomic_share,hard_share
0,-0.29678422466157983,0.4853636743009073,0.34813026962661764,0.41641542339946286,0.3289697282279182,0.0,-0.14454346908368837,-0.49946702358847717,0.21478944503821418,-0.4414808051450342,0.1737503310835489,-0.03432737970506283,0.24443246976293992,0.3289697282279182
1,0.20816709809025039,-0.9818770327407711,-0.5476308567487461,-0.7151490380762707,-0.024050156405369717,0.0,-0.3114305210531433,0.8214298206779421,-0.17425931475610282,1.218296765845639,-0.8695120197045703,0.18258432804143349,-1.011437524934893,-0.024050156405369717
2,1.1118954904130587,-0.214807626803056,-0.5456393410745297,-0.50241223350637,-1.7492081142401292,0.0,1.5735653825931393,0.6934940780417702,-0.7456936608199212,-0.6175974863164035,1.2181532283018996,-0.2676602317257431,1.184215228641057,-1.7492081142401292
