cluster_id,agent_id,f_local,f_local_slot,m_local,lambda_mean,lambda_var,slots_observed,n_tasks_agent,TaskDist_sum,b_mb_med,rho_med,mem_med,hard_share,P_general,P_latency_sensitive,P_deadline_hard,P_data_intensive,P_compute_intensive,non_atomic_share,mec_id,n_agents_cluster
0,8.0,1381500596.2361813,1381500596.2361813,5483.85499660857,1.2627978432496505,0.28640560148423105,1367.5,1766.9375,1.0,4.965396575,1505864159.375,64.05425340625,0.3487639784154337,0.1827427218805448,0.0,0.3487639784154337,0.09380174969161005,0.37469155001241145,0.4468440838173296,8.0,16
1,12.5,1931610940.3048635,1931610940.3048635,3852.1516156494336,1.163104954180985,0.1714606273895133,1012.5,1182.5,1.0,4.9830102499999995,1464421600.0,62.6192865,0.34012359302582207,0.20398182888251307,0.0,0.34012359302582207,0.10220885750018391,0.3536857205914809,0.4526300301625837,12.5,2
