cluster_id,agent_id,f_local,f_local_slot,m_local,lambda_mean,lambda_var,slots_observed,n_tasks_agent,TaskDist_sum,b_mb_med,rho_med,mem_med,hard_share,P_general,P_latency_sensitive,P_deadline_hard,P_data_intensive,P_compute_intensive,non_atomic_share,mec_id,n_agents_cluster
0,5.75,1409116388.670098,1409116388.670098,4154.655081376993,1.0,0.0,5.5,5.5,1.0,2.242078025,886381422.5,66.611208,0.36726190476190473,0.2875,0.0,0.36726190476190473,0.1607142857142857,0.1845238095238095,0.26726190476190476,5.75,4
1,10.363636363636363,1624884965.595919,1624884965.595919,6070.368988615678,1.0,0.0,4.090909090909091,4.090909090909091,1.0,2.164925027272727,982871175.0,64.03034559090908,0.08383838383838384,0.20101010101010103,0.0,0.08383838383838384,0.1297979797979798,0.5853535353535354,0.30808080808080807,10.363636363636363,11
2,0.0,921468340.6852636,921468340.6852636,5152.146293965804,0.0,0.0,0.0,0.0,0.0,0.0,0.0,0.0,0.0,0.0,0.0,0.0,0.0,0.0,0.0,0.0,1
3,8.0,2024295043.629272,2024295043.629272,6808.176988735389,1.0,0.0,1.5,1.5,1.0,2.370545,604330135.0,114.0619825,0.25,0.0,0.0,0.25,0.0,0.75,0.25,8.0,2
