cluster_id,f_local_slot,m_local,lambda_mean,lambda_var,P_deadline_hard,P_latency_sensitive,P_compute_intensive,P_data_intensive,P_general,b_mb_med,rho_med,mem_med,non_atomic_share,hard_share
0,1444479852.1583042,4668.167384291378,1.072923116615067,0.06550137598899208,0.3209190115440116,0.0,0.46612103174603176,0.04955808080808082,0.16340187590187588,2.79693174375,1306537037.5,69.219230875,0.3519300144300144,0.3209190115440116
1,1674446855.1718812,4694.165569789528,1.0918212197159565,0.12244778613199665,0.13572429161825447,0.0,0.3806896242732156,0.15970790002910745,0.3238781840794225,3.06004934,1244565290.0,57.5966463,0.28785453667419614,0.13572429161825447
