cluster_id,f_local_slot,m_local,lambda_mean,lambda_var,P_deadline_hard,P_latency_sensitive,P_compute_intensive,P_data_intensive,P_general,b_mb_med,rho_med,mem_med,non_atomic_share,hard_share
0,0.05396131355567948,-0.7823045686208399,0.6220674213464135,0.19730738814245902,0.2724673202614379,0.0,0.37511671335200747,0.07883986928104575,0.27357609710550884,-1.2480721729385875,-0.6347351861595086,0.7629032951192063,0.38964752567693745,0.2724673202614379
1,0.4710653591607097,-0.11651659109394616,-0.614999073435211,-0.46033407713600527,0.1371058674512622,0.0,0.45309894783578997,0.12217832423424528,0.2876168604787026,0.3897888806621315,-0.3049280857241947,0.04824088721163024,0.27383730122216965,0.1371058674512622
2,-0.5601266181045893,-0.40506981155258986,1.4694318317173838,1.4511517415389732,0.19318181818181818,0.0,0.36742424242424243,0.17803030303030304,0.26136363636363635,0.8092043265626521,0.4590888818392266,-0.7893370101860302,0.2537878787878788,0.19318181818181818
3,-0.7679960910648743,1.7588534792975679,-0.6588575310187099,-0.4866707200329048,0.3861111111111111,0.0,0.4361111111111111,0.05555555555555556,0.12222222222222223,-0.18454511107688532,1.2003662616379729,-0.3565097492039321,0.39444444444444443,0.3861111111111111
