cluster_id,agent_id,f_local,f_local_slot,m_local,lambda_mean,lambda_var,slots_observed,n_tasks_agent,TaskDist_sum,b_mb_med,rho_med,mem_med,hard_share,P_general,P_latency_sensitive,P_deadline_hard,P_data_intensive,P_compute_intensive,non_atomic_share,mec_id,n_agents_cluster
0,6.75,1597697628.6437984,1597697628.6437984,3894.551248348258,1.1397058823529411,0.1268674136321195,15.0,17.0,1.0,2.4564188125,1176533587.5,69.170106875,0.2724673202614379,0.27357609710550884,0.0,0.2724673202614379,0.07883986928104575,0.37511671335200747,0.38964752567693745,6.75,4
1,8.5,1794482545.2934208,1794482545.2934208,4565.237078239212,1.0277777777777777,0.027777777777777776,13.125,13.5,1.0,3.09510749375,1226194006.25,63.16743,0.1371058674512622,0.2876168604787026,0.0,0.1371058674512622,0.1221783242342453,0.45309894783578997,0.27383730122216965,8.5,8
2,6.666666666666667,1307977968.2362473,1307977968.2362473,4274.561123335542,1.2163742690058479,0.31578947368421056,14.666666666666666,17.333333333333332,1.0,3.2586597666666663,1341235200.0,56.13234683333334,0.1931818181818182,0.26136363636363635,0.0,0.1931818181818182,0.178030303030303,0.36742424242424243,0.25378787878787884,6.666666666666667,3
3,12.666666666666666,1209907529.1179812,1209907529.1179812,6454.403260970984,1.0238095238095237,0.023809523809523808,10.666666666666666,11.0,1.0,2.8711442833333334,1452852400.0,59.767800666666666,0.3861111111111111,0.12222222222222223,0.0,0.3861111111111111,0.05555555555555556,0.4361111111111111,0.39444444444444443,12.666666666666666,3
