n_tasks,n_arrivals,b_mb_median,b_mb_p90,rho_median,c_cycles_median,deadline_share,non_atomic_share
2122,2122,2.0000000196733514,2.000002572862421,999999984.8881143,1999999992.4169922,0.1531573986804901,0.2530631479736098
