n_tasks,n_arrivals,b_mb_median,b_mb_p90,rho_median,c_cycles_median,deadline_share,non_atomic_share
2113,2113,2.000000017251185,2.0000027267695515,999999996.3470103,2000000024.201247,0.15238996687174633,0.25508755324183624
