n_tasks,n_arrivals,tasks_per_hour,b_mb_median,rho_median,c_cycles_p99,deadline_share,non_atomic_share
53,53,1734.5454545454545,2.0703674204245637,1252804570.050674,7011285319.163273,0.32075471698113206,0.4528301886792453
