cluster_id,f_local_slot,m_local,lambda_mean,lambda_var,P_deadline_hard,P_latency_sensitive,P_compute_intensive,P_data_intensive,P_general,b_mb_med,rho_med,mem_med,non_atomic_share,hard_share
0,1381500596.2361813,5483.85499660857,1.2627978432496505,0.28640560148423105,0.3487639784154337,0.0,0.37469155001241145,0.09380174969161005,0.1827427218805448,4.965396575,1505864159.375,64.05425340625,0.4468440838173296,0.3487639784154337
1,1931610940.3048635,3852.1516156494336,1.163104954180985,0.1714606273895133,0.34012359302582207,0.0,0.3536857205914809,0.10220885750018391,0.20398182888251307,4.9830102499999995,1464421600.0,62.6192865,0.4526300301625837,0.34012359302582207
