cluster_id,f_local_slot,m_local,lambda_mean,lambda_var,P_deadline_hard,P_latency_sensitive,P_compute_intensive,P_data_intensive,P_general,b_mb_med,rho_med,mem_med,non_atomic_share,hard_share
0,1350409800.874666,5910.5620912740715,1.3327865574324425,0.43630527837257976,0.3566536136200587,0.0,0.35954553991640364,0.08912898846811587,0.19467185799542175,4.903342259090909,1451036981.8181818,63.200063863636366,0.46203876208334593,0.3566536136200587
1,1507303805.6627662,4072.5726456587668,1.1947689075630252,0.2131086070791953,0.32963735326906685,0.0,0.34487201346536384,0.1497728812818327,0.17571775198373665,5.70248277,1346965290.0,64.5194956,0.37674907644217104,0.32963735326906685
2,1788102291.2267356,5033.468472363685,1.1950757575757576,0.25507011104837185,0.19761273209549074,0.0,0.5106100795755968,0.14389920424403185,0.14787798408488065,4.818546575,1555222450.0,61.7807455,0.5258620689655172,0.19761273209549074
