K,inertia,silhouette,davies_bouldin,calinski_harabasz,sil_norm,ch_norm,db_norm,score,elbow_score
2,77.83526738911624,0.18318340638533254,1.8137392851427991,5.139892115261033,0.0,0.0,1.0,-0.2,0.0
3,59.110299468478566,0.20251868527733957,1.435330137056236,5.88868193483534,0.18266941769905623,0.3103177836039519,0.5506281682327551,0.08706924687465224,1.0
4,49.71956501967179,0.21223539925348373,1.2794075601715762,5.400050340472199,0.27446775657402717,0.10781626796123299,0.3654655886734989,0.0798204920794043,0.7639776484496561
5,33.197684832975575,0.28903187919243084,0.97165457636523,7.55286958267541,1.0,1.0,0.0,0.8,0.0
