{
  "Delta": 1.0,
  "T_slots": 110,
  "K": 18,
  "topology_type": "clustered",
  "connection_matrix": [
    [
      0.0,
      9.798800609449902,
      11.958295388571091,
      11.470404384171584,
      9.980195439399376,
      8.8140500666217,
      0.0,
      0.0,
      0.0,
      0.0,
      0.0,
      0.0,
      0.0,
      0.0,
      0.0,
      0.0,
      0.0,
      0.0,
      98.91279981562592
    ],
    [
      9.798800609449902,
      0.0,
      8.375143239602235,
      11.535600106180024,
      10.702584376249934,
      9.136893120492791,
      0.0,
      0.0,
      0.0,
      0.0,
      0.0,
      0.0,
      0.0,
      0.0,
      0.0,
      0.0,
      0.0,
      0.0,
      104.60920207554165
    ],
    [
      11.958295388571091,
      8.375143239602235,
      0.0,
      8.814631907625701,
      9.637714071509851,
      9.170700424264968,
      0.0,
      0.0,
      0.0,
      0.0,
      0.0,
      0.0,
      0.0,
      0.0,
      0.0,
      0.0,
      0.0,
      0.0,
      92.05534806322484
    ],
    [
      11.470404384171584,
      11.535600106180024,
      8.814631907625701,
      0.0,
      10.37705391001423,
      11.920252079923896,
      0.0,
      0.0,
      0.0,
      0.0,
      0.0,
      0.0,
      0.0,
      0.0,
      0.0,
      0.0,
      0.0,
      0.0,
      84.85166371762908
    ],
    [
      9.980195439399376,
      10.702584376249934,
      9.637714071509851,
      10.37705391001423,
      0.0,
      8.10538323609413,
      0.0,
      0.0,
      0.0,
      0.0,
      0.0,
      0.0,
      0.0,
      0.0,
      0.0,
      0.0,
      0.0,
      0.0,
      99.0763009651688
    ],
    [
      8.8140500666217,
      9.136893120492791,
      9.170700424264968,
      11.920252079923896,
      8.10538323609413,
      0.0,
      0.0,
      0.0,
      0.0,
      0.0,
      0.0,
      0.0,
      0.0,
      0.0,
      0.0,
      0.0,
      0.0,
      0.0,
      115.0792791055983
    ],
    [
      0.0,
      0.0,
      0.0,
      0.0,
      0.0,
      0.0,
      0.0,
      9.844690223161573,
      9.56656783853566,
      11.01158338193066,
      10.132206014485726,
      11.731761213672993,
      0.0,
      0.0,
      0.0,
      0.0,
      0.0,
      0.0,
      115.87637059619392
    ],
    [
      0.0,
      0.0,
      0.0,
      0.0,
      0.0,
      0.0,
      9.844690223161573,
      0.0,
      8.17265481777462,
      11.317250164676846,
      9.944330066939582,
      11.698994881774604,
      0.0,
      0.0,
      0.0,
      0.0,
      0.0,
      0.0,
      85.49730491373893
    ],
    [
      0.0,
      0.0,
      0.0,
      0.0,
      0.0,
      0.0,
      9.56656783853566,
      8.17265481777462,
      0.0,
      11.919271797879857,
      9.162931925532463,
      11.22074688068535,
      0.0,
      0.0,
      0.0,
      0.0,
      0.0,
      0.0,
      104.13111014716404
    ],
    [
      0.0,
      0.0,
      0.0,
      0.0,
      0.0,
      0.0,
      11.01158338193066,
      11.317250164676846,
      11.919271797879857,
      0.0,
      11.8680001020066,
      11.393785145055949,
      0.0,
      0.0,
      0.0,
      0.0,
      0.0,
      0.0,
      87.20532264682294
    ],
    [
      0.0,
      0.0,
      0.0,
      0.0,
      0.0,
      0.0,
      10.132206014485726,
      9.944330066939582,
      9.162931925532463,
      11.8680001020066,
      0.0,
      9.548734790752288,
      0.0,
      0.0,
      0.0,
      0.0,
      0.0,
      0.0,
      98.89380625765318
    ],
    [
      0.0,
      0.0,
      0.0,
      0.0,
      0.0,
      0.0,
      11.731761213672993,
      11.698994881774604,
      11.22074688068535,
      11.393785145055949,
      9.548734790752288,
      0.0,
      0.0,
      0.0,
      0.0,
      0.0,
      0.0,
      0.0,
      100.16242880696842
    ],
    [
      0.0,
      0.0,
      0.0,
      0.0,
      0.0,
      0.0,
      0.0,
      0.0,
      0.0,
      0.0,
      0.0,
      0.0,
      0.0,
      8.573089728358958,
      10.155633210306574,
      11.202595781660758,
      10.69123291440641,
      11.439129446848144,
      94.68338717140212
    ],
    [
      0.0,
      0.0,
      0.0,
      0.0,
      0.0,
      0.0,
      0.0,
      0.0,
      0.0,
      0.0,
      0.0,
      0.0,
      8.573089728358958,
      0.0,
      10.795539716597093,
      9.382485758460357,
      8.156515169162681,
      10.108953651086749,
      86.2148806997884
    ],
    [
      0.0,
      0.0,
      0.0,
      0.0,
      0.0,
      0.0,
      0.0,
      0.0,
      0.0,
      0.0,
      0.0,
      0.0,
      10.155633210306574,
      10.795539716597093,
      0.0,
      8.183423253938845,
      9.055460579237527,
      8.857865582666564,
      100.51802149006446
    ],
    [
      0.0,
      0.0,
      0.0,
      0.0,
      0.0,
      0.0,
      0.0,
      0.0,
      0.0,
      0.0,
      0.0,
      0.0,
      11.202595781660758,
      9.382485758460357,
      8.183423253938845,
      0.0,
      10.922031113226154,
      8.777507498932518,
      85.56329833615376
    ],
    [
      0.0,
      0.0,
      0.0,
      0.0,
      0.0,
      0.0,
      0.0,
      0.0,
      0.0,
      0.0,
      0.0,
      0.0,
      10.69123291440641,
      8.156515169162681,
      9.055460579237527,
      10.922031113226154,
      0.0,
      11.48804541896262,
      109.44902761831553
    ],
    [
      0.0,
      0.0,
      0.0,
      0.0,
      0.0,
      0.0,
      0.0,
      0.0,
      0.0,
      0.0,
      0.0,
      0.0,
      11.439129446848144,
      10.108953651086749,
      8.857865582666564,
      8.777507498932518,
      11.48804541896262,
      0.0,
      119.21419244342576
    ]
  ],
  "private_cpu": [
    1417026512.123894,
    1465835517.1380253,
    1400296152.8672054,
    1219863115.6758468,
    1270376631.237273,
    1348019534.1092064,
    1786161289.9722981,
    1380932007.7716885,
    1739680378.9314957,
    1606151704.3138125,
    1722792016.067419,
    1452119690.3718696,
    1575323717.1732426,
    1675176049.772993,
    1465269239.5654364,
    1565743740.4168038,
    1715259832.5839007,
    1225832428.456285
  ],
  "public_cpu": [
    768946447.3896191,
    753418540.8443304,
    702715947.6715652,
    545197668.8935852,
    670994513.1813464,
    680525151.7601619,
    811159071.5491732,
    782943570.2288362,
    501997671.50295806,
    685198791.9005744,
    822519853.1111488,
    716138690.9607652,
    822355072.296565,
    556428866.3646028,
    805978940.2755054,
    790274917.5537901,
    602437544.1146357,
    709495765.381235
  ],
  "cloud_cpu": 30000000000.0,
  "N_agents": 18,
  "agent_to_mec": [
    0,
    1,
    2,
    3,
    4,
    5,
    6,
    7,
    8,
    9,
    10,
    11,
    12,
    13,
    14,
    15,
    16,
    17
  ],
  "queues_initial": {
    "mec_local_cycles": [
      0.0,
      0.0,
      0.0,
      0.0,
      0.0,
      0.0,
      0.0,
      0.0,
      0.0,
      0.0,
      0.0,
      0.0,
      0.0,
      0.0,
      0.0,
      0.0,
      0.0,
      0.0
    ],
    "mec_public_cycles": [
      0.0,
      0.0,
      0.0,
      0.0,
      0.0,
      0.0,
      0.0,
      0.0,
      0.0,
      0.0,
      0.0,
      0.0,
      0.0,
      0.0,
      0.0,
      0.0,
      0.0,
      0.0
    ],
    "mec_bytes_in_transit": [
      0.0,
      0.0,
      0.0,
      0.0,
      0.0,
      0.0,
      0.0,
      0.0,
      0.0,
      0.0,
      0.0,
      0.0,
      0.0,
      0.0,
      0.0,
      0.0,
      0.0,
      0.0
    ],
    "cloud_cycles": [
      0.0
    ]
  },
  "action_space": {
    "type": "discrete",
    "n": 3,
    "labels": {
      "0": "LOCAL",
      "1": "MEC",
      "2": "CLOUD"
    }
  },
  "state_spec": {
    "components": {
      "queues": {
        "mec_local_cycles": {
          "shape": [
            18
          ],
          "dtype": "float"
        },
        "mec_public_cycles": {
          "shape": [
            18
          ],
          "dtype": "float"
        },
        "mec_bytes_in_transit": {
          "shape": [
            18
          ],